id|title
2869|Coverage of topics and selection bias
1708|Quality of writing
9278|Open source development
3183|Decentralized Software
7949|Umaglesi Liga players
2066|User PA
4908|Utility companies of the Caribbean
3935|VIXX concert tours
5112|Vague or ambiguous time from November
4190|Alternatives to the car
8531|Motor vehicle theft
2327|Bicycle and motorcycle dynamics
4049|History of modern Macedonia
5671|Fifty Bibles of Constantine
8340|Tetrapods families
9335|The Communards
2285|Buildings of Downtown Houston
3817|Ergotelis F.C. managers
6229|International College of Management, Sydney alumni
3366|Soccer clubs in Florida
7430|Video game developers from Argentina
