id|firstName|lastName|gender|birthday
921|Bob|Smith|male|1984-04-15
377|Astrid|Maro|female|1988-05-22
619|Saadia|Iman|female|1985-02-08
967|Gabriela|Blanco|female|1986-06-28
588|Lei|Chen|male|1987-07-19
992|Richard|Harris|male|1988-07-17
706|Zheng|Zhu|female|1989-04-10
610|Chengdong|Zhao|male|1980-10-05
983|Cesar|Pham|male|1983-12-19
881|Chutima|Supinyo|female|1988-02-06
987|Ching|Nguyen|male|1985-05-19
786|Kazimierz|Ciesla|male|1984-11-24
565|Ning|Wang|female|1988-01-31
242|John|Reddy|male|1984-01-31
217|Holly|Arentino|female|1987-04-19
935|Iona|Vallerius|female|1989-02-17
424|Lisa|Matsudaira|female|1980-11-27
454|Adam|Jasani|female|1984-01-05
645|Chengdong|Zhang|male|1981-01-20
962|James|Davis|male|1980-04-29
705|Lei|Zhang|male|1985-07-23
138|Mazor|Caveda|female|1984-03-23
974|Carolina|Delfino|female|1981-12-28
120|Adonai|Gonzalez|female|1984-09-30
950|Lydia|Jones|female|1985-10-08
799|Kelly|Anwen|female|1989-05-26
214|Shweta|Chopra|male|1989-04-07
113|Ahmed|Chedid|male|1985-11-24
169|Rudolf|Becker|male|1982-10-25
458|Ajuma|Jasani|female|1982-08-05
