id|name
6383|art
4886|life
5409|music
2915|food
5793|books
6335|pizza
3386|friends
7492|hair
6649|learning
4421|travel
4362|computer
5027|science
9690|videos
3059|cinema
8763|cars
6926|television
7540|sports
7426|games
7172|fitness
4736|football
5211|animals
6198|dancing
1368|drama
7567|internet
1429|space
1782|mathematics
1530|girls
3324|plants
2862|love
8123|magic
2919|fashion
7067|poker
2135|social
4929|chess
9802|jokes
6022|linux
9058|politics
9069|basketball
8167|piracy
5393|style
2456|french
3011|airplanes
2042|pranks
3229|racing
6373|shopping
3421|shoes
5784|yoga
8537|cooking
3315|nature
3370|sea
